shipment_id,seller_mid,warehouse_id,program_type,sku_id,site_type,process_path,defect_root_cause,error_type,item_mismatch,asin_count,boxes_processed,initial_units,final_received,overaged_units,unfilled_units,unreceived_units,unit_cost,initial_value,final_value,value_distortion,unreceived_value,correction_minutes_est,labor_cost_est_at_$30hr,hazard_flag,compliance_hold
FBAXAJI0Y6DP,MBHSAHXTHV3A3Z,FC-A,HDSC_LITE,SKU-0088,Standard,Manual,GTIN-Multi-ASIN-Link,SSCC Wrong Item,1,1,0,1,0,1,0,1,33.63,33.63,0.0,33.63,33.63,5.65,2.83,1,1
FBAV30T9NT3W,M5UZBIKCIDKWNN,FC-C,HDSC_LITE,SKU-0054,Standard,Automated (SSCC),MP-Scannable-Barcode-on-Outer,SSCC Wrong Item,1,1,0,15,14,1,0,1,22.49,337.35,314.86,22.49,22.49,3.13,1.56,0,1
FBA9XUY41IBL,MJH75LXO6QJIUJ,FC-A,HDSC,SKU-0150,Standard,Manual,MP-Scannable-Barcode-on-Outer,SSCC Wrong Item,1,1,467,6538,5940,598,204,598,14.58,95324.04,86605.2,8718.84,8718.84,15.71,7.86,0,0
FBA4FFYVNVQJ,MT7YE511MKFAZZ,FC-A,HDSC_LITE,SKU-0249,Standard,Automated (SSCC),MP-Scannable-Barcode-on-Outer,SSCC Wrong Item,1,8,423,7191,6410,781,91,781,19.25,138426.75,123392.5,15034.25,15034.25,2.86,1.43,0,0
FBAHNF877VRE,MN93IIUC039TEX,FC-A,HDSC,SKU-0243,Standard,Manual,SSCC-Item-Mismatch,SSCC Wrong Item,1,1,12,216,210,6,4,6,19.89,4296.24,4176.9,119.34,119.34,9.76,4.88,0,0
FBAYZOYN6QIC,MATVAZCCBLSKRT,FC-A,HDSC,SKU-0186,Standard,Automated (SSCC),Wrong-Product-Submitted,SSCC Wrong Item + Qty,1,1,3,57,52,5,3,5,10.78,614.46,560.56,53.9,53.9,7.73,3.86,0,1
FBAMO5BXXC02,MDGTFGQ5C34DXT,FC-A,HDSC,SKU-0004,Standard,Automated (SSCC),SSCC-Wrong-Qty,SSCC Wrong Qty,0,1,24,120,107,13,3,2,16.01,1921.2,1713.07,208.13,32.02,7.85,3.92,0,0
FBAAO72KZ02X,MRGHC0CLBR7TCS,FC-B,HDSC_LITE,SKU-0218,High-compliance,Automated (SSCC),Manufacturer-Barcode-Missing,Missing Barcode,0,1,0,2520,2484,36,17,15,15.92,40118.4,39545.28,573.12,238.8,14.86,7.43,0,0
FBACXULJYLJE,MXQ77AWUDTSEMC,FC-A,HDSC_LITE,SKU-0063,Standard,Manual,Physical-Virtual-Mismatch,SSCC Wrong Item + Qty,1,37,0,7285,6993,292,80,292,17.02,123990.7,119020.86,4969.84,4969.84,23.87,11.94,0,0
FBATYT7D5J60,MFKHMY4SJ6BW3B,FC-A,HDSC_LITE,SKU-0086,Standard,Automated (SSCC),MP-Scannable-Barcode-on-Outer,SSCC Wrong Item,1,1,1,24,22,2,0,2,26.72,641.28,587.84,53.44,53.44,8.92,4.46,0,1
FBA56T4UFEL6,M246HID25OWF75,FC-B,HDSC_LITE,SKU-0250,High-compliance,Manual,Unscannable-Barcode,Unscannable Barcode,0,1,0,150,136,14,0,2,26.57,3985.5,3613.52,371.98,53.14,5.58,2.79,0,0
FBA3J2D54I3Q,MK2IAGL58KXO9T,FC-B,HDSC_LITE,SKU-0241,High-compliance,Automated (SSCC),Unscannable-Barcode,Unscannable Barcode,0,1,0,150,146,4,4,1,21.58,3237.0,3150.68,86.32,21.58,15.5,7.75,1,0
FBA2P9E6GBPS,M3Y70HP87WXE6S,FC-A,HDSC_LITE,SKU-0171,Standard,Automated (SSCC),Physical-Virtual-Mismatch,SSCC Wrong Item + Qty,1,63,0,10690,10021,669,412,669,25.31,270563.9,253631.51,16932.39,16932.39,35.44,17.72,0,0
FBA0GUO4KH2V,MLPYS280XKXWD8,FC-A,HDSC_LITE,SKU-0061,Standard,Automated (SSCC),MP-Scannable-Barcode-on-Outer,SSCC Wrong Item,1,1,0,1,0,1,0,1,28.81,28.81,0.0,28.81,28.81,2.77,1.39,1,0
FBAGZRIXA11D,MPG8SBI4Q2Y9V8,FC-A,HDSC,SKU-0229,Standard,Automated (SSCC),SSCC-Item-Mismatch,SSCC Wrong Item,1,1,294,10319,9285,1034,436,1034,29.58,305236.02,274650.3,30585.72,30585.72,8.87,4.43,0,0
FBA1RIPZIM6C,MFNFHOLQC3O18A,FC-B,HDSC_LITE,SKU-0226,High-compliance,Manual,Correct,Correct,0,1,392,7448,7448,0,0,0,27.11,201915.28,201915.28,0.0,0.0,0.21,0.1,0,0
FBAVHHPBMYOF,MQEWAOUAXEQBNH,FC-C,HDSC,SKU-0084,Standard,Automated (SSCC),GTIN-Multi-ASIN-Link,SSCC Wrong Item,1,1,409,8948,8171,777,284,777,27.06,242132.88,221107.26,21025.62,21025.62,13.19,6.59,0,1
FBAX2X18HAFE,MYUHZ1GV0E38DA,FC-E,HDSC_LITE,SKU-0080,Standard,Automated (SSCC),Correct,Correct,0,1,114,5734,5734,1.4,0,0,5.43,31135.62,31135.62,0.0,0.0,0.21,0.1,0,0
FBAE92MPNSM4,M3D8W3ZP08J3TR,FC-A,HDSC_LITE,SKU-0112,Standard,Manual,Correct,Correct,0,1,412,9888,9888,0,0,0,11.93,117963.84,117963.84,0.0,0.0,0.21,0.1,0,0
FBARLRMJKV5U,MSGIOTIRZQAKOI,FC-F,HDSC,SKU-0170,Standard,Automated (SSCC),Manufacturer-Barcode-Missing,Missing Barcode,0,1,14,5512,5134,378,242,283,19.99,110184.88,102628.66,7556.22,5657.17,7.0,3.5,0,0
FBAET1GHR09S,MKDGIGATJ9TZE5,FC-B,HDSC_LITE,SKU-0126,High-compliance,Automated (SSCC),MP-Scannable-Barcode-on-Outer,SSCC Wrong Item,1,16,161,3156,3149,7,146,7,12.1,38187.6,38102.9,84.7,84.7,13.39,6.7,0,0
FBACWBFUK9E1,MV2ISQP49KWV08,FC-D,HDSC_LITE,SKU-0054,High-compliance,Automated (SSCC),Correct,Correct,0,1,251,6566,6566,0,0,0,20.66,135653.56,135653.56,0.0,0.0,0.21,0.1,0,0
FBAK4CIJ2V2H,MEIFJFC2V37PQK,FC-F,HDSC,SKU-0104,Standard,Automated (SSCC),MP-Scannable-Barcode-on-Outer,SSCC Wrong Item,1,30,361,4721,4208,513,276,513,18.8,88754.8,79110.4,9644.4,9644.4,4.17,2.08,1,0
FBAB1QX6GVWR,MDMLY4LYK83TQL,FC-B,HDSC_LITE,SKU-0083,High-compliance,Automated (SSCC),MP-Scannable-Barcode-on-Outer,SSCC Wrong Item,1,3,295,4416,4002,414,263,414,29.4,129830.4,117658.8,12171.6,12171.6,0.59,0.29,0,0
FBAPBJEK5RBW,M2ZLAOI4E8XF7K,FC-E,HDSC_LITE,SKU-0181,Standard,Manual,Unscannable-Barcode,Unscannable Barcode,0,1,320,8168,7742,426,427,247,34.37,280734.16,266092.54,14641.62,8489.39,4.24,2.12,0,0
FBA2O7S3KKV9,MRFTMTTQLGZUI1,FC-E,HDSC_LITE,SKU-0012,Standard,Automated (SSCC),Correct,Correct,0,1,395,4527,4527,1.5,0,0,18.85,85333.95,85333.95,0.0,0.0,0.21,0.1,1,0
FBASQ0OXFQ8M,MYX444NLZ15BCW,FC-F,HDSC_LITE,SKU-0236,Standard,Automated (SSCC),Correct,Correct,0,1,51,7214,7214,0,0,0,27.33,197158.62,197158.62,0.0,0.0,0.21,0.1,0,0
FBA2KNFTU2GC,M5WI6FQJJA26YF,FC-A,HDSC_LITE,SKU-0114,Standard,Automated (SSCC),Correct,Correct,0,1,166,1992,1992,0,1.3,0,25.09,49979.28,49979.28,0.0,0.0,0.21,0.1,0,0
FBAU9K9XJUY0,MBVR6K2VMWWYZX,FC-C,HDSC,SKU-0215,Standard,Automated (SSCC),MP-Scannable-Barcode-on-Outer,SSCC Wrong Item,1,49,183,9371,9172,199,40,199,12.89,120792.19,118227.08,2565.11,2565.11,23.78,11.89,0,0
FBAET8T63J3R,M30ME8F840982N,FC-B,HDSC_LITE,SKU-0203,High-compliance,Automated (SSCC),GTIN-Multi-ASIN-Link,SSCC Wrong Item,1,1,102,2878,2870,8,67,8,20.17,58049.26,57887.9,161.36,161.36,7.45,3.73,0,0
FBAW7LVXWQZX,MEBB9EITNN8ZTV,FC-B,HDSC_LITE,SKU-0187,High-compliance,Automated (SSCC),Manufacturer-Barcode-Missing,Missing Barcode,0,1,12,7725,6818,907,212,670,6.17,47663.25,42067.06,5596.19,4133.9,7.98,3.99,0,0
FBAN9N6XCJ88,M3DHX8BM92H3TV,FC-B,HDSC_LITE,SKU-0209,High-compliance,Automated (SSCC),SSCC-Item-Mismatch,SSCC Wrong Item,1,1,437,3869,3700,169,198,169,7.72,29868.68,28564.0,1304.68,1304.68,14.24,7.12,1,0
FBA5EM2VAJEP,MECQNVQHW06XKX,FC-A,HDSC,SKU-0008,Standard,Automated (SSCC),MP-Scannable-Barcode-on-Outer,SSCC Wrong Item,1,23,338,1802,1679,123,108,123,15.85,28561.7,26612.15,1949.55,1949.55,22.46,11.23,0,0
FBAJWTL9TQVD,MZ4X1ZHQIMQODP,FC-A,HDSC_LITE,SKU-0171,Standard,Automated (SSCC),Unscannable-Barcode,Unscannable Barcode,0,1,64,1077,981,96,19,87,32.54,35045.58,31921.74,3123.84,2830.98,1.55,0.78,0,1
FBAULEMX15Z8,MVMUHXID4N1U34,FC-B,HDSC_LITE,SKU-0250,High-compliance,Automated (SSCC),SSCC-Wrong-Qty,SSCC Wrong Qty,0,1,489,9780,8639,1141,26,547,3.93,38435.4,33951.27,4484.13,2149.71,4.69,2.35,0,0
FBAFWB0HPMNZ,M1UDBFWYJXRPJ1,FC-A,HDSC_LITE,SKU-0030,Standard,Automated (SSCC),SSCC-Wrong-Qty,SSCC Wrong Qty,0,1,35,6567,6126,441,56,145,24.7,162204.9,151312.2,10892.7,3581.5,9.56,4.78,0,0
FBAEJLA0GNZS,M43C5BA75UUZPE,FC-F,HDSC_LITE,SKU-0006,Standard,Automated (SSCC),MP-Scannable-Barcode-on-Outer,SSCC Wrong Item,1,39,392,4312,4136,176,235,176,29.62,127721.44,122508.32,5213.12,5213.12,40.82,20.41,1,0
FBALMLGSES6M,M033IFHV1XG1R1,FC-F,HDSC,SKU-0195,Standard,Automated (SSCC),SSCC-Wrong-Qty,SSCC Wrong Qty,0,1,445,8455,7995,460,348,451,21.06,178062.3,168374.7,9687.6,9498.06,10.2,5.1,0,0
FBA2VMCQBNKX,M9DVNU80B6UGVS,FC-A,HDSC,SKU-0246,Standard,Automated (SSCC),MP-Scannable-Barcode-on-Outer,SSCC Wrong Item,1,57,155,10345,9422,923,105,923,28.95,299487.75,272766.9,26720.85,26720.85,48.67,24.34,0,1
FBASFNKOMV2X,MCDYK0X65MUFM8,FC-A,HDSC_LITE,SKU-0179,Standard,Manual,GTIN-Multi-ASIN-Link,SSCC Wrong Item,1,1,268,7200,6798,402,66,402,22.04,158688.0,149827.92,8860.08,8860.08,14.81,7.41,0,0
FBAAL8M1G9FK,M2ST0SX5WVFGYW,FC-A,HDSC,SKU-0232,Standard,Automated (SSCC),MP-Scannable-Barcode-on-Outer,SSCC Wrong Item,1,55,185,8332,7593,739,224,739,4.4,36660.8,33409.2,3251.6,3251.6,21.68,10.84,0,0
FBA3Q4N89QKN,MS832EJX5TD44K,FC-D,HDSC_LITE,SKU-0196,High-compliance,Automated (SSCC),SSCC-Wrong-Qty,SSCC Wrong Qty,0,1,494,5071,4791,280,230,262,7.72,39148.12,36986.52,2161.6,2022.64,7.19,3.6,0,1
FBANNCILDZMF,MB7R31QW6AHF7V,FC-B,HDSC_LITE,SKU-0109,High-compliance,Automated (SSCC),SSCC-Item-Mismatch,SSCC Wrong Item,1,1,257,6496,6200,296,121,296,12.64,82109.44,78368.0,3741.44,3741.44,1.25,0.62,0,0
FBASIFPWIOXD,M9CSS9TOQW9JA2,FC-A,HDSC,SKU-0089,Standard,Automated (SSCC),Unscannable-Barcode,Unscannable Barcode,0,1,323,2584,2530,54,148,47,27.21,70310.64,68841.3,1469.34,1278.87,2.56,1.28,0,0
FBAZ7BH25LLO,M3RBXK5BXJ2POP,FC-D,HDSC,SKU-0245,High-compliance,Automated (SSCC),Unscannable-Barcode,Unscannable Barcode,0,1,32,2210,2036,174,47,127,25.15,55581.5,51205.4,4376.1,3194.05,6.12,3.06,0,0
FBAKDLKQZFPQ,M06WPX2CYOS0FB,FC-C,HDSC_LITE,SKU-0218,Standard,Manual,SSCC-Item-Mismatch,SSCC Wrong Item,1,1,279,5580,5131,449,17,449,7.04,39283.2,36122.24,3160.96,3160.96,4.12,2.06,0,0
FBAPCENLK8AG,MS6E1ZHWY9HECG,FC-A,HDSC,SKU-0183,Standard,Automated (SSCC),MP-Scannable-Barcode-on-Outer,SSCC Wrong Item,1,58,190,6078,5988,90,349,90,33.96,206408.88,203352.48,3056.4,3056.4,57.74,28.87,0,0
FBA2SEHE2ATN,M2TWDL9ZS13C9X,FC-B,HDSC_LITE,SKU-0116,High-compliance,Automated (SSCC),Correct,Correct,0,1,89,10449,10449,0,0,0,27.57,288078.93,288078.93,0.0,0.0,0.21,0.1,0,0
FBAF7I8SKCH8,MJWWDXVUGW6M7B,FC-A,HDSC_LITE,SKU-0222,Standard,Automated (SSCC),SSCC-Wrong-Qty,SSCC Wrong Qty,0,1,84,4983,4899,84,23,82,27.67,137879.61,135555.33,2324.28,2268.94,4.55,2.27,0,0
FBAXKI3OQYFO,MQMF5L9MO1SDIE,FC-A,HDSC,SKU-0116,Standard,Manual,Correct,Correct,0,1,148,8939,8939,0,0.6,0,30.65,273980.35,273980.35,0.0,0.0,0.21,0.1,0,0
FBA1RSRLA8S8,MHMBR5XQT4P501,FC-A,HDSC_LITE,SKU-0094,Standard,Manual,Correct,Correct,0,1,97,5124,5124,0,0,0,5.35,27413.4,27413.4,0.0,0.0,0.21,0.1,0,0
FBA9O2M71HSS,MBELRQVSLWF90K,FC-B,HDSC,SKU-0087,High-compliance,Automated (SSCC),Manufacturer-Barcode-Missing,Missing Barcode,0,1,65,1947,1734,213,65,136,18.68,36369.96,32391.12,3978.84,2540.48,9.1,4.55,0,1
FBAVJX8UIBRS,MZ1N3IUZGPPOHS,FC-A,HDSC,SKU-0157,Standard,Manual,Unscannable-Barcode,Unscannable Barcode,0,1,13,10310,10182,128,141,53,20.95,215994.5,213312.9,2681.6,1110.35,15.72,7.86,0,0
FBAYVGIUI9KK,MHZLM72JEYN938,FC-D,HDSC,SKU-0206,High-compliance,Automated (SSCC),MP-Scannable-Barcode-on-Outer,SSCC Wrong Item,1,46,411,10540,9945,595,43,595,12.2,128588.0,121329.0,7259.0,7259.0,35.82,17.91,0,0
FBAJD0IB6IID,MLRYE89FX5RX1K,FC-D,HDSC_LITE,SKU-0074,High-compliance,Automated (SSCC),MP-Scannable-Barcode-on-Outer,SSCC Wrong Item,1,35,356,9209,9087,122,91,122,23.87,219818.83,216906.69,2912.14,2912.14,10.63,5.32,0,0
FBA79OR7875A,MUD9K9TR74QGEF,FC-A,HDSC,SKU-0118,Standard,Manual,Correct,Correct,0,1,478,10038,10038,0,0,0,28.3,284075.4,284075.4,0.0,0.0,0.21,0.1,0,0
FBAPLOD9R7AN,MQJLUUJMIYQFY7,FC-A,HDSC,SKU-0228,Standard,Manual,Correct,Correct,0,1,423,9729,9729,0,0,0,14.76,143600.04,143600.04,0.0,0.0,0.21,0.1,0,0
FBAOTQTXHI15,MCQZCUCTSUFLSE,FC-D,HDSC_LITE,SKU-0053,High-compliance,Automated (SSCC),SSCC-Item-Mismatch,SSCC Wrong Item,1,1,191,9925,8923,1002,93,1002,31.76,315218.0,283394.48,31823.52,31823.52,7.31,3.65,1,1
FBAAJAHCPZTC,M69QKGEX08N6Q7,FC-F,HDSC_LITE,SKU-0097,Standard,Automated (SSCC),SSCC-Wrong-Qty,SSCC Wrong Qty,0,1,370,5050,4967,83,276,17,23.91,120745.5,118760.97,1984.53,406.47,5.82,2.91,0,0
FBAYTT3IMJ70,ME3P15AHDBVZB0,FC-A,HDSC_LITE,SKU-0103,Standard,Automated (SSCC),Wrong-Product-Submitted,SSCC Wrong Item + Qty,1,1,237,4889,4649,240,276,240,9.95,48645.55,46257.55,2388.0,2388.0,13.68,6.84,1,0
FBAKFXHKC856,MWPR97Y2LOFN1R,FC-F,HDSC_LITE,SKU-0218,Standard,Automated (SSCC),SSCC-Wrong-Qty,SSCC Wrong Qty,0,1,121,5254,4946,308,73,237,32.27,169546.58,159607.42,9939.16,7647.99,9.09,4.54,0,0
FBANT3BNVBC2,MVYHH6K6HG0016,FC-A,HDSC_LITE,SKU-0179,Standard,Automated (SSCC),MP-Scannable-Barcode-on-Outer,SSCC Wrong Item,1,11,433,8660,8241,419,406,419,32.28,279544.8,266019.48,13525.32,13525.32,13.18,6.59,0,0
FBA201LHLB50,MATVZKHIUIT7M1,FC-B,HDSC_LITE,SKU-0126,High-compliance,Manual,MP-Scannable-Barcode-on-Outer,SSCC Wrong Item,1,64,50,7636,6978,658,378,658,18.7,142793.2,130488.6,12304.6,12304.6,12.35,6.17,0,1
FBA8S4C3BAEW,MCFHQCW76XATOA,FC-D,HDSC_LITE,SKU-0185,High-compliance,Automated (SSCC),Correct,Correct,0,1,328,8883,8883,0,0.0,0,28.8,255830.4,255830.4,0.0,0.0,0.21,0.1,0,0
FBAJM2C8QIZK,M3C9XBONRWZC4X,FC-A,HDSC,SKU-0085,Standard,Automated (SSCC),MP-Scannable-Barcode-on-Outer,SSCC Wrong Item,1,25,269,10155,9959,196,540,196,32.41,329123.55,322771.19,6352.36,6352.36,8.62,4.31,0,0
FBATXG4AHF33,M7KUU4YTN02YC0,FC-B,HDSC_LITE,SKU-0089,High-compliance,Automated (SSCC),Correct,Correct,0,1,460,4594,4594,0,0,0,22.37,102767.78,102767.78,0.0,0.0,0.21,0.1,0,0
FBAITNGVN1KI,MCJN2FOMD7Q1DD,FC-B,HDSC_LITE,SKU-0111,High-compliance,Automated (SSCC),Unscannable-Barcode,Unscannable Barcode,0,1,251,7382,6811,571,284,524,16.06,118554.92,109384.66,9170.26,8415.44,0.92,0.46,0,1
FBAD669UGNEK,MRCPPRCJIWVHDK,FC-B,HDSC,SKU-0243,High-compliance,Manual,MP-Scannable-Barcode-on-Outer,SSCC Wrong Item,1,53,398,6354,6013,341,317,341,15.16,96326.64,91157.08,5169.56,5169.56,47.46,23.73,0,0
FBAGOL0W82LK,M2N7H9G1A07H23,FC-F,HDSC_LITE,SKU-0018,Standard,Automated (SSCC),MP-Scannable-Barcode-on-Outer,SSCC Wrong Item,1,26,160,7849,7159,690,255,690,7.45,58475.05,53334.55,5140.5,5140.5,11.25,5.62,0,1
FBAUT75PB8Z3,MV6DIXFWUXX8L2,FC-C,HDSC_LITE,SKU-0028,Standard,Automated (SSCC),SSCC-Item-Mismatch,SSCC Wrong Item,1,1,245,9797,9595,202,264,202,10.1,98949.7,96909.5,2040.2,2040.2,11.9,5.95,0,0
FBASMADO8E7F,MLQHRRPZLK3E4X,FC-B,HDSC,SKU-0174,High-compliance,Automated (SSCC),SSCC-Item-Mismatch,SSCC Wrong Item,1,1,353,9644,9144,500,528,500,8.58,82745.52,78455.52,4290.0,4290.0,2.96,1.48,0,0
FBA05QPAHKZ2,MU2TNHEYR8LNOE,FC-C,HDSC_LITE,SKU-0091,Standard,Automated (SSCC),MP-Scannable-Barcode-on-Outer,SSCC Wrong Item,1,56,14,6482,5849,633,88,633,29.04,188237.28,169854.96,18382.32,18382.32,40.8,20.4,0,0
FBANFNVUPRT7,M7GGKG4W58RHNU,FC-A,HDSC_LITE,SKU-0168,Standard,Automated (SSCC),MP-Scannable-Barcode-on-Outer,SSCC Wrong Item,1,40,93,1917,1812,105,87,105,18.74,35924.58,33956.88,1967.7,1967.7,32.39,16.2,0,1
FBAGQ01TEE13,MN3BZT9D31K9QM,FC-A,HDSC_LITE,SKU-0210,Standard,Automated (SSCC),MP-Scannable-Barcode-on-Outer,SSCC Wrong Item,1,29,147,8809,7909,900,120,900,27.82,245066.38,220028.38,25038.0,25038.0,9.64,4.82,0,0
FBAHCMKTLZKJ,M49YD82795E5IZ,FC-F,HDSC,SKU-0213,Standard,Automated (SSCC),MP-Scannable-Barcode-on-Outer,SSCC Wrong Item,1,18,416,3386,2996,390,173,390,15.57,52720.02,46647.72,6072.3,6072.3,4.87,2.44,0,0
FBA7N8LA100Q,MXMCTHPHJ3MUUR,FC-A,HDSC_LITE,SKU-0088,Standard,Manual,SSCC-Item-Mismatch,SSCC Wrong Item,1,1,355,7810,7029,781,24,781,4.47,34910.7,31419.63,3491.07,3491.07,10.06,5.03,0,1
FBA965K55DMC,MXXBW01PDDHCVS,FC-A,HDSC,SKU-0114,Standard,Automated (SSCC),SSCC-Item-Mismatch,SSCC Wrong Item,1,1,103,7010,7001,9,356,9,13.99,98069.9,97943.99,125.91,125.91,2.36,1.18,0,0
FBANKN35XYCU,MVFMH07WPH6FE0,FC-A,HDSC,SKU-0090,Standard,Manual,MP-Scannable-Barcode-on-Outer,SSCC Wrong Item,1,14,160,2240,2078,162,35,162,10.93,24483.2,22712.54,1770.66,1770.66,16.74,8.37,0,0
FBAKSS0KB68R,MERVT997E4UNY1,FC-B,HDSC_LITE,SKU-0245,High-compliance,Manual,Correct,Correct,0,1,448,10788,10788,0,0,0,4.27,46064.76,46064.76,0.0,0.0,0.21,0.1,1,0
FBAOZCTWJLSH,M3TOW4YCZ04CDP,FC-E,HDSC_LITE,SKU-0117,Standard,Automated (SSCC),Unscannable-Barcode,Unscannable Barcode,0,1,392,8210,7586,624,28,316,24.31,199585.1,184415.66,15169.44,7681.96,10.54,5.27,0,1
FBAS3JN050E6,MMPSJ9WRSB4GF1,FC-A,HDSC_LITE,SKU-0229,Standard,Automated (SSCC),SSCC-Wrong-Qty,SSCC Wrong Qty,0,1,267,5681,5562,119,116,94,19.28,109529.68,107235.36,2294.32,1812.32,1.2,0.6,0,1
FBA60PLOZJCN,MS6G298CQK4LTA,FC-C,HDSC_LITE,SKU-0052,Standard,Automated (SSCC),MP-Scannable-Barcode-on-Outer,SSCC Wrong Item,1,5,411,9059,8436,623,248,623,17.85,161703.15,150582.6,11120.55,11120.55,11.35,5.67,0,0
FBATWYAM1N0L,MH9P89FKBI4O6Q,FC-E,HDSC_LITE,SKU-0192,Standard,Automated (SSCC),MP-Scannable-Barcode-on-Outer,SSCC Wrong Item,1,53,119,392,354,38,3,38,19.17,7514.64,6786.18,728.46,728.46,35.55,17.77,0,0
FBA3LQI7E1DD,MQLEM1QQ4D3KZV,FC-A,HDSC_LITE,SKU-0056,Standard,Automated (SSCC),MP-Scannable-Barcode-on-Outer,SSCC Wrong Item,1,41,358,6439,6287,152,46,152,25.76,165868.64,161953.12,3915.52,3915.52,44.35,22.18,0,1
FBA0IQ2FA39E,M3NWXUJ3AC6PE6,FC-A,HDSC_LITE,SKU-0213,Standard,Automated (SSCC),Correct,Correct,0,1,284,7409,7409,0.2,0.1,0,29.29,217009.61,217009.61,0.0,0.0,0.21,0.1,0,0
FBAQFWWXR5RD,MNPX2I9TANZR2M,FC-C,HDSC_LITE,SKU-0145,Standard,Manual,MP-Scannable-Barcode-on-Outer,SSCC Wrong Item,1,24,143,4506,4176,330,198,330,11.65,52494.9,48650.4,3844.5,3844.5,1.93,0.96,0,1
FBA199DXJ37C,M9H42M44GV3Z6B,FC-B,HDSC_LITE,SKU-0180,High-compliance,Automated (SSCC),Physical-Virtual-Mismatch,SSCC Wrong Item + Qty,1,61,183,8675,8383,292,192,292,29.77,258254.75,249561.91,8692.84,8692.84,49.62,24.81,0,0
FBARLW3MG25C,MFZFDSNCZXVML9,FC-A,HDSC_LITE,SKU-0188,Standard,Automated (SSCC),MP-Scannable-Barcode-on-Outer,SSCC Wrong Item,1,29,269,3766,3360,406,163,406,33.74,127064.84,113366.4,13698.44,13698.44,24.29,12.14,0,0
FBA0KGAZU41U,MGL3WXDRLCMLW8,FC-F,HDSC_LITE,SKU-0211,Standard,Automated (SSCC),MP-Scannable-Barcode-on-Outer,SSCC Wrong Item,1,23,157,6200,5513,687,327,687,26.34,163308.0,145212.42,18095.58,18095.58,11.54,5.77,1,1
FBAPPFO5MN32,MU1IQ2BAJDM5FC,FC-B,HDSC_LITE,SKU-0242,High-compliance,Automated (SSCC),Physical-Virtual-Mismatch,SSCC Wrong Item + Qty,1,1,197,789,745,44,38,44,34.53,27244.17,25724.85,1519.32,1519.32,14.12,7.06,0,0
FBA9OT7TXKDO,MTRBAD3WRDHW9R,FC-F,HDSC,SKU-0030,Standard,Automated (SSCC),MP-Scannable-Barcode-on-Outer,SSCC Wrong Item,1,13,105,5425,5017,408,241,408,18.65,101176.25,93567.05,7609.2,7609.2,16.64,8.32,1,0
FBAQIJC1YDMT,M8VT43PT5R5RC6,FC-C,HDSC_LITE,SKU-0183,Standard,Manual,MP-Scannable-Barcode-on-Outer,SSCC Wrong Item,1,6,225,4314,3799,515,75,515,6.85,29550.9,26023.15,3527.75,3527.75,14.92,7.46,0,0
FBA9W4J66CNO,MLJQ52WSPOFV17,FC-A,HDSC_LITE,SKU-0237,Standard,Automated (SSCC),MP-Scannable-Barcode-on-Outer,SSCC Wrong Item,1,11,103,7134,6557,577,399,577,6.23,44444.82,40850.11,3594.71,3594.71,7.2,3.6,0,0
FBAGOWYOO5YB,MRJNM2L44Y9IK0,FC-C,HDSC,SKU-0199,Standard,Automated (SSCC),SSCC-Wrong-Qty,SSCC Wrong Qty,0,1,19,7751,7475,276,373,213,22.36,173312.36,167141.0,6171.36,4762.68,1.88,0.94,0,0
FBA2CZO2SUG5,MHCBBMHNQO7YIR,FC-D,HDSC,SKU-0115,High-compliance,Automated (SSCC),Correct,Correct,0,1,263,1578,1578,1.9,0,0,14.02,22123.56,22123.56,0.0,0.0,0.21,0.1,0,0
FBAU84XYJOA2,M1A6XVAJ2K8XPN,FC-A,HDSC_LITE,SKU-0090,Standard,Automated (SSCC),MP-Scannable-Barcode-on-Outer,SSCC Wrong Item,1,7,437,6555,6296,259,111,259,17.93,117531.15,112887.28,4643.87,4643.87,13.93,6.96,0,0
FBAKYRMJLJX8,MXGSIC43OLFARK,FC-E,HDSC_LITE,SKU-0233,Standard,Manual,SSCC-Wrong-Qty,SSCC Wrong Qty,0,1,311,9729,8900,829,397,754,4.13,40180.77,36757.0,3423.77,3114.02,11.31,5.66,0,1
FBA7MKGXUKQ0,M0U686XII5P5NV,FC-A,HDSC,SKU-0119,Standard,Automated (SSCC),Unscannable-Barcode,Unscannable Barcode,0,1,464,7795,7313,482,27,443,23.3,181623.5,170392.9,11230.6,10321.9,9.36,4.68,0,0
FBA5F9M969F5,MGCL9LCQH1UF22,FC-A,HDSC,SKU-0034,Standard,Automated (SSCC),SSCC-Wrong-Qty,SSCC Wrong Qty,0,1,27,6769,6324,445,324,219,15.91,107694.79,100614.84,7079.95,3484.29,15.22,7.61,0,1
FBAAA0I5LDSL,MCB8QSSPYE9R1F,FC-B,HDSC_LITE,SKU-0233,High-compliance,Automated (SSCC),Correct,Correct,0,1,97,8701,8701,0,0,0,9.76,84921.76,84921.76,0.0,0.0,0.21,0.1,1,0
FBA5JTB9XXAY,MPNTRFZWKXXJVE,FC-A,HDSC_LITE,SKU-0213,Standard,Automated (SSCC),GTIN-Multi-ASIN-Link,SSCC Wrong Item,1,1,192,768,702,66,46,66,22.77,17487.36,15984.54,1502.82,1502.82,4.83,2.42,0,0
FBAOFT6YRIAD,MDUR82C06XQ9JB,FC-B,HDSC,SKU-0209,High-compliance,Manual,Correct,Correct,0,1,360,5865,5865,0,0,0,16.63,97534.95,97534.95,0.0,0.0,0.21,0.1,1,0
FBAGMPW5D3GO,M8JN42X2EZC7FO,FC-A,HDSC_LITE,SKU-0152,Standard,Manual,Correct,Correct,0,1,331,10869,10869,1.6,0.4,0,27.93,303571.17,303571.17,0.0,0.0,0.21,0.1,0,0
FBAOBJLZY1UU,M9YMSZDXIMYN4U,FC-A,HDSC,SKU-0157,Standard,Automated (SSCC),Correct,Correct,0,1,454,1851,1851,0,1.0,0,30.26,56011.26,56011.26,0.0,0.0,0.21,0.1,0,0
FBAIXOIQ2Q4Q,MERXDOUADVWKSH,FC-D,HDSC_LITE,SKU-0172,High-compliance,Manual,MP-Scannable-Barcode-on-Outer,SSCC Wrong Item,1,36,259,3885,3710,175,93,175,29.41,114257.85,109111.1,5146.75,5146.75,34.55,17.27,0,0
FBAQDXAMW2TN,MD6R30OJHE4H3G,FC-F,HDSC,SKU-0087,Standard,Automated (SSCC),GTIN-Multi-ASIN-Link,SSCC Wrong Item,1,1,366,5953,5528,425,23,425,32.65,194365.45,180489.2,13876.25,13876.25,13.28,6.64,0,0
FBA0TPV726YG,M3DXVL5PVYIOMK,FC-F,HDSC,SKU-0207,Standard,Automated (SSCC),MP-Scannable-Barcode-on-Outer,SSCC Wrong Item,1,64,271,1355,1319,36,52,36,22.28,30189.4,29387.32,802.08,802.08,56.08,28.04,0,0
FBAWKMY9X8SY,MLEMRUYP04K43S,FC-B,HDSC,SKU-0007,High-compliance,Automated (SSCC),Unscannable-Barcode,Unscannable Barcode,0,1,107,3292,3217,75,13,7,9.4,30944.8,30239.8,705.0,65.8,11.95,5.97,0,0
FBAQWYUIXNS2,MZYBNO2Y8B0H54,FC-A,HDSC_LITE,SKU-0114,Standard,Manual,MP-Scannable-Barcode-on-Outer,SSCC Wrong Item,1,5,416,5877,5228,649,331,649,14.77,86803.29,77217.56,9585.73,9585.73,11.29,5.64,0,1
FBA80EBKJF4A,MQ7B7V1W4K2TCZ,FC-A,HDSC_LITE,SKU-0135,Standard,Automated (SSCC),SSCC-Item-Mismatch,SSCC Wrong Item,1,1,95,1221,1173,48,66,48,5.18,6324.78,6076.14,248.64,248.64,8.22,4.11,0,0
FBAK8WRU1XEM,MIX7IB5N2EJ0AS,FC-A,HDSC_LITE,SKU-0198,Standard,Automated (SSCC),Manufacturer-Barcode-Missing,Missing Barcode,0,1,184,5425,4898,527,260,456,18.58,100796.5,91004.84,9791.66,8472.48,5.04,2.52,0,0
FBAACY15PDTZ,M91X70FQLDB2UU,FC-A,HDSC_LITE,SKU-0059,Standard,Automated (SSCC),Correct,Correct,0,1,273,8815,8815,0.8,1.3,0,13.12,115652.8,115652.8,0.0,0.0,0.21,0.1,0,0
FBA7D2KD1POX,MRTEO2T8FY620N,FC-A,HDSC,SKU-0244,Standard,Automated (SSCC),MP-Scannable-Barcode-on-Outer,SSCC Wrong Item,1,6,183,1190,1048,142,71,142,7.52,8948.8,7880.96,1067.84,1067.84,1.44,0.72,0,0
FBA64FGWJEYU,MB19TXCYJHU8MY,FC-A,HDSC_LITE,SKU-0061,Standard,Automated (SSCC),MP-Scannable-Barcode-on-Outer,SSCC Wrong Item,1,45,211,3470,3324,146,158,146,5.23,18148.1,17384.52,763.58,763.58,10.74,5.37,0,0
FBALPAIH0P4E,M05QMKTGV44FTJ,FC-F,HDSC_LITE,SKU-0227,Standard,Manual,SSCC-Wrong-Qty,SSCC Wrong Qty,0,1,413,8673,8516,157,77,4,30.19,261837.87,257098.04,4739.83,120.76,10.14,5.07,0,0
FBA9Q1NI10KQ,MSOSX43WFSQG8X,FC-A,HDSC_LITE,SKU-0248,Standard,Automated (SSCC),SSCC-Wrong-Qty,SSCC Wrong Qty,0,1,457,8905,7914,991,367,41,10.0,89050.0,79140.0,9910.0,410.0,7.95,3.98,1,0
FBAQQB9LZS34,MJTGXNX4SN6SM5,FC-A,HDSC,SKU-0125,Standard,Automated (SSCC),Correct,Correct,0,1,198,5919,5919,0,0,0,17.08,101096.52,101096.52,0.0,0.0,0.21,0.1,0,0
FBAZEI3ZRRHF,M4ABUFWBUCJG8V,FC-B,HDSC_LITE,SKU-0145,High-compliance,Automated (SSCC),MP-Scannable-Barcode-on-Outer,SSCC Wrong Item,1,21,308,6468,6448,20,368,20,26.3,170108.4,169582.4,526.0,526.0,25.44,12.72,0,1
FBA23GXJ0MQV,MINDH4SPFDRWB2,FC-D,HDSC,SKU-0129,High-compliance,Manual,MP-Scannable-Barcode-on-Outer,SSCC Wrong Item,1,53,73,9845,9654,191,493,191,24.1,237264.5,232661.4,4603.1,4603.1,49.56,24.78,0,1
FBATI22NV01Z,MDERI4K5OGZ2UE,FC-C,HDSC,SKU-0002,Standard,Automated (SSCC),SSCC-Item-Mismatch,SSCC Wrong Item,1,1,357,4641,4430,211,161,211,16.08,74627.28,71234.4,3392.88,3392.88,2.15,1.07,0,0
FBA9OHTUGUR9,MU1OE5EI28DS22,FC-E,HDSC,SKU-0158,Standard,Manual,SSCC-Wrong-Qty,SSCC Wrong Qty,0,1,141,10026,9919,107,164,49,33.87,339580.62,335956.53,3624.09,1659.63,0.61,0.3,1,1
FBAV07OXK8C1,MGRA47SH2SZWYM,FC-C,HDSC_LITE,SKU-0168,Standard,Automated (SSCC),MP-Scannable-Barcode-on-Outer,SSCC Wrong Item,1,29,40,6076,5914,162,44,162,34.9,212052.4,206398.6,5653.8,5653.8,28.92,14.46,0,0
FBADK36M8JVH,M7UJODCK82853U,FC-E,HDSC_LITE,SKU-0178,Standard,Automated (SSCC),GTIN-Multi-ASIN-Link,SSCC Wrong Item,1,1,470,7050,6663,387,288,387,18.48,130284.0,123132.24,7151.76,7151.76,4.23,2.12,0,0
FBAN2HZ2OMTZ,MJKO0MTGLHUG07,FC-F,HDSC_LITE,SKU-0049,Standard,Automated (SSCC),SSCC-Wrong-Qty,SSCC Wrong Qty,0,1,34,4225,3847,378,51,120,26.53,112089.25,102060.91,10028.34,3183.6,13.81,6.91,0,1
FBAC8RA484NL,M65UJG1SO1ESP7,FC-F,HDSC_LITE,SKU-0009,Standard,Automated (SSCC),MP-Scannable-Barcode-on-Outer,SSCC Wrong Item,1,14,471,8007,7651,356,201,356,30.53,244453.71,233585.03,10868.68,10868.68,19.98,9.99,0,1
FBADN5GJJ8MG,MPP1NOQU9Y3Z2T,FC-B,HDSC_LITE,SKU-0220,High-compliance,Automated (SSCC),MP-Scannable-Barcode-on-Outer,SSCC Wrong Item,1,27,297,6217,6016,201,74,201,28.6,177806.2,172057.6,5748.6,5748.6,26.34,13.17,0,1
FBARJ4BDFHJ4,MD0JMU3MOMYVUX,FC-A,HDSC,SKU-0138,Standard,Automated (SSCC),SSCC-Wrong-Qty,SSCC Wrong Qty,0,1,402,5173,4881,292,181,166,24.54,126945.42,119779.74,7165.68,4073.64,7.95,3.98,0,0
FBAG3MWU4CFI,MLKJXJQ5NV8OGA,FC-B,HDSC,SKU-0187,High-compliance,Automated (SSCC),Unscannable-Barcode,Unscannable Barcode,0,1,444,3552,3213,339,64,40,9.74,34596.48,31294.62,3301.86,389.6,6.57,3.29,1,0
FBA9DWD7OI0P,MESGBM65Q57TE8,FC-A,HDSC_LITE,SKU-0139,Standard,Automated (SSCC),Wrong-Product-Submitted,SSCC Wrong Item + Qty,1,1,391,8585,7649,936,445,936,19.75,169553.75,151067.75,18486.0,18486.0,10.26,5.13,0,0
FBAKA34MQA78,MRAPKIANOUOF0O,FC-A,HDSC,SKU-0097,Standard,Manual,MP-Scannable-Barcode-on-Outer,SSCC Wrong Item,1,53,79,4257,4122,135,40,135,16.51,70283.07,68054.22,2228.85,2228.85,14.5,7.25,0,0
FBAJGCEDQQZR,MLF8A9KEPADAHP,FC-B,HDSC_LITE,SKU-0202,High-compliance,Automated (SSCC),Unscannable-Barcode,Unscannable Barcode,0,1,414,8716,7955,761,474,713,28.33,246924.28,225365.15,21559.13,20199.29,5.55,2.77,0,0
FBA6JNA9ZN9I,M9H0DXHO87F00T,FC-C,HDSC_LITE,SKU-0032,Standard,Automated (SSCC),SSCC-Wrong-Qty,SSCC Wrong Qty,0,1,98,2976,2729,247,163,76,9.36,27855.36,25543.44,2311.92,711.36,14.04,7.02,0,1
FBAOI8UYYF1I,MRYM81CMFTDRLU,FC-C,HDSC_LITE,SKU-0166,Standard,Automated (SSCC),MP-Scannable-Barcode-on-Outer,SSCC Wrong Item,1,36,61,9580,8681,899,197,899,3.68,35254.4,31946.08,3308.32,3308.32,16.74,8.37,0,0
FBAGM0J36TCF,MKJNAWNGA41IZX,FC-D,HDSC,SKU-0138,High-compliance,Automated (SSCC),MP-Scannable-Barcode-on-Outer,SSCC Wrong Item,1,63,290,3770,3672,98,134,98,24.86,93722.2,91285.92,2436.28,2436.28,48.15,24.07,0,0
FBA7GBDGBXNR,MWVBHZA7X73QXM,FC-B,HDSC_LITE,SKU-0191,High-compliance,Automated (SSCC),MP-Scannable-Barcode-on-Outer,SSCC Wrong Item,1,9,427,5978,5600,378,29,378,29.36,175514.08,164416.0,11098.08,11098.08,6.31,3.15,1,1
FBAGSIWG0ODW,MMQX5GGOMF9PML,FC-A,HDSC,SKU-0084,Standard,Automated (SSCC),MP-Scannable-Barcode-on-Outer,SSCC Wrong Item,1,30,197,8711,7866,845,440,845,29.44,256451.84,231575.04,24876.8,24876.8,12.98,6.49,0,0
FBAO09VS9KKH,M4A3YJTU7FBMEN,FC-E,HDSC_LITE,SKU-0150,Standard,Manual,MP-Scannable-Barcode-on-Outer,SSCC Wrong Item,1,58,491,7332,7093,239,131,239,28.95,212261.4,205342.35,6919.05,6919.05,7.15,3.58,0,0
FBAK0UCC1M3O,M55IXVA1NKBTFS,FC-B,HDSC,SKU-0057,High-compliance,Automated (SSCC),MP-Scannable-Barcode-on-Outer,SSCC Wrong Item,1,13,328,9753,9649,104,402,104,34.07,332284.71,328741.43,3543.28,3543.28,18.84,9.42,0,1
FBA0TJOPZ1RH,MOUU9SIJPYUEON,FC-C,HDSC_LITE,SKU-0049,Standard,Manual,MP-Scannable-Barcode-on-Outer,SSCC Wrong Item,1,11,292,7797,7444,353,304,353,23.97,186894.09,178432.68,8461.41,8461.41,18.07,9.04,0,0
FBAYF0D0IWF3,MKM2KQL0HT1TW9,FC-D,HDSC,SKU-0178,High-compliance,Automated (SSCC),MP-Scannable-Barcode-on-Outer,SSCC Wrong Item,1,6,102,3826,3483,343,4,343,15.05,57581.3,52419.15,5162.15,5162.15,17.73,8.87,0,0
FBAANJ4X5A5X,MIN9DL5TGSQ7AI,FC-A,HDSC,SKU-0136,Standard,Automated (SSCC),MP-Scannable-Barcode-on-Outer,SSCC Wrong Item,1,60,483,10728,10044,684,501,684,15.59,167249.52,156585.96,10663.56,10663.56,11.11,5.55,0,0
FBA563BTKF6X,MDN8WWIIF86LTH,FC-A,HDSC,SKU-0036,Standard,Automated (SSCC),MP-Scannable-Barcode-on-Outer,SSCC Wrong Item,1,8,131,10253,9144,1109,207,1109,30.6,313741.8,279806.4,33935.4,33935.4,6.97,3.48,0,0
FBAU8EL5015O,MOP767J2DG1WJU,FC-A,HDSC,SKU-0060,Standard,Automated (SSCC),Correct,Correct,0,1,34,5202,5202,0,0.7,0,7.29,37922.58,37922.58,0.0,0.0,0.21,0.1,0,0
FBAEGB1AJO09,M1C795RLQIOB0N,FC-B,HDSC_LITE,SKU-0081,High-compliance,Manual,Correct,Correct,0,1,242,8052,8052,0,1.0,0,17.62,141876.24,141876.24,0.0,0.0,0.21,0.1,0,0
FBAN18GP51KF,MK7Y6QXDSGV6TO,FC-A,HDSC,SKU-0083,Standard,Automated (SSCC),SSCC-Wrong-Qty,SSCC Wrong Qty,0,1,285,4275,4249,26,91,14,21.89,93579.75,93010.61,569.14,306.46,11.37,5.68,0,0
FBADZ09WFTBG,MM55FF1BL08KG6,FC-A,HDSC_LITE,SKU-0246,Standard,Automated (SSCC),MP-Scannable-Barcode-on-Outer,SSCC Wrong Item,1,58,185,10389,10381,8,259,8,3.39,35218.71,35191.59,27.12,27.12,30.09,15.04,0,0
FBAPVA5KW3HG,MBMFBUVLDD9FKX,FC-D,HDSC_LITE,SKU-0180,High-compliance,Automated (SSCC),MP-Scannable-Barcode-on-Outer,SSCC Wrong Item,1,61,209,7435,6848,587,403,587,20.99,156060.65,143739.52,12321.13,12321.13,58.77,29.39,0,0
FBAPTKEZJSSZ,MWD0W9RY79KVLS,FC-B,HDSC_LITE,SKU-0160,High-compliance,Automated (SSCC),MP-Scannable-Barcode-on-Outer,SSCC Wrong Item,1,49,388,4656,4523,133,254,133,19.63,91397.28,88786.49,2610.79,2610.79,33.33,16.66,0,1
FBA20HWOBM3H,MXYJCKT1ELOU83,FC-B,HDSC_LITE,SKU-0050,High-compliance,Automated (SSCC),MP-Scannable-Barcode-on-Outer,SSCC Wrong Item,1,4,320,7617,6763,854,173,854,32.51,247628.67,219865.13,27763.54,27763.54,8.94,4.47,0,1
FBAM2O04K0LT,MHY25M8KB9W4UO,FC-A,HDSC,SKU-0153,Standard,Automated (SSCC),Correct,Correct,0,1,458,8798,8798,0,0,0,25.71,226196.58,226196.58,0.0,0.0,0.21,0.1,0,0
FBASGNBHDS26,MFMR5LL1D9S9HB,FC-A,HDSC_LITE,SKU-0100,Standard,Automated (SSCC),SSCC-Item-Mismatch,SSCC Wrong Item,1,1,110,4959,4424,535,59,535,3.13,15521.67,13847.12,1674.55,1674.55,14.72,7.36,0,0
FBA1WHHKT1YJ,MFE8UDTTJ72UGL,FC-D,HDSC_LITE,SKU-0229,High-compliance,Automated (SSCC),MP-Scannable-Barcode-on-Outer,SSCC Wrong Item,1,40,295,3245,2968,277,113,277,4.62,14991.9,13712.16,1279.74,1279.74,2.76,1.38,0,1
FBAV4ZWL3ZYT,M91QE37QQYZQII,FC-A,HDSC,SKU-0221,Standard,Manual,SSCC-Item-Mismatch,SSCC Wrong Item,1,1,456,9767,9238,529,372,529,15.55,151876.85,143650.9,8225.95,8225.95,11.18,5.59,0,0
FBAR4KMUSOZD,MUCKQVIIFRCHYP,FC-D,HDSC,SKU-0112,High-compliance,Manual,MP-Scannable-Barcode-on-Outer,SSCC Wrong Item,1,61,179,3401,2997,404,87,404,20.42,69448.42,61198.74,8249.68,8249.68,15.89,7.95,0,1
FBADQLOVYV3L,MXCHFU131XQKWQ,FC-F,HDSC,SKU-0053,Standard,Automated (SSCC),MP-Scannable-Barcode-on-Outer,SSCC Wrong Item,1,60,284,6248,5923,325,153,325,21.25,132770.0,125863.75,6906.25,6906.25,54.97,27.48,0,0
FBAOEKNTBZ3M,M55IZOLNNTXRGN,FC-B,HDSC_LITE,SKU-0237,High-compliance,Automated (SSCC),Unscannable-Barcode,Unscannable Barcode,0,1,261,10019,9164,855,157,295,34.92,349863.48,320006.88,29856.6,10301.4,10.73,5.37,0,1
FBAE346Z7WQP,M3NIPAR0ZJ7UBB,FC-D,HDSC,SKU-0124,High-compliance,Manual,Correct,Correct,0,1,43,2225,2225,0.7,0,0,7.55,16798.75,16798.75,0.0,0.0,0.21,0.1,0,0
FBAVIWXYYTUW,M6TAQ6ULM9KGZV,FC-B,HDSC,SKU-0078,High-compliance,Automated (SSCC),SSCC-Wrong-Qty,SSCC Wrong Qty,0,1,455,10920,9765,1155,266,125,23.14,252688.8,225962.1,26726.7,2892.5,9.33,4.67,0,0
FBAC2JWJJ0V6,M0XNG2IGSB98V3,FC-F,HDSC_LITE,SKU-0215,Standard,Automated (SSCC),MP-Scannable-Barcode-on-Outer,SSCC Wrong Item,1,11,258,4128,3742,386,105,386,27.65,114139.2,103466.3,10672.9,10672.9,6.12,3.06,0,0
FBAGOK01TNZR,MF5A7QY8YB7W8P,FC-B,HDSC_LITE,SKU-0236,High-compliance,Automated (SSCC),Unscannable-Barcode,Unscannable Barcode,0,1,26,1901,1681,220,34,85,11.65,22146.65,19583.65,2563.0,990.25,12.74,6.37,0,0
FBAY9LAACOSY,MM0JBWCV6HVE8D,FC-A,HDSC,SKU-0155,Standard,Manual,Wrong-Product-Submitted,SSCC Wrong Item + Qty,1,1,172,8519,8134,385,189,385,31.67,269796.73,257603.78,12192.95,12192.95,11.12,5.56,0,0
FBA1J2JCN9J3,MGC9HOXDTPWDPJ,FC-D,HDSC_LITE,SKU-0009,High-compliance,Automated (SSCC),Wrong-Product-Submitted,SSCC Wrong Item + Qty,1,1,394,10938,10793,145,585,145,26.28,287450.64,283640.04,3810.6,3810.6,12.36,6.18,1,0
FBAZ6US7RP42,M2TA83RU7MYOW8,FC-A,HDSC_LITE,SKU-0024,Standard,Manual,Manufacturer-Barcode-Missing,Missing Barcode,0,1,77,4366,4017,349,41,235,27.33,119322.78,109784.61,9538.17,6422.55,4.94,2.47,0,0
FBAYR5PGBA9I,MN2XR838AMMZOH,FC-A,HDSC_LITE,SKU-0168,Standard,Automated (SSCC),Manufacturer-Barcode-Missing,Missing Barcode,0,1,322,7084,6548,536,234,152,26.71,189213.64,174897.08,14316.56,4059.92,4.07,2.04,1,0
FBAIXAW63DW4,MC3EVWCHM40OEY,FC-A,HDSC,SKU-0140,Standard,Automated (SSCC),Correct,Correct,0,1,23,10132,10132,0,0,0,13.74,139213.68,139213.68,0.0,0.0,0.21,0.1,0,0
FBAP7BD4W1AR,MAGDX5O31YHXSO,FC-C,HDSC_LITE,SKU-0241,Standard,Automated (SSCC),Manufacturer-Barcode-Missing,Missing Barcode,0,1,84,9068,8990,78,184,63,22.59,204846.12,203084.1,1762.02,1423.17,1.87,0.94,0,0
FBA59SQWHBEF,M46RF7BNHJW6QD,FC-E,HDSC_LITE,SKU-0014,Standard,Manual,MP-Scannable-Barcode-on-Outer,SSCC Wrong Item,1,13,185,10141,9780,361,161,361,28.14,285367.74,275209.2,10158.54,10158.54,12.43,6.21,1,0
FBA2LD05NHQR,M6F7QNEZW9HEYC,FC-F,HDSC,SKU-0035,Standard,Automated (SSCC),MP-Scannable-Barcode-on-Outer,SSCC Wrong Item,1,26,117,5337,4860,477,234,477,16.38,87420.06,79606.8,7813.26,7813.26,26.51,13.26,0,0
FBAIOS5HRQAP,M5IPI7866PB90S,FC-F,HDSC_LITE,SKU-0109,Standard,Automated (SSCC),SSCC-Wrong-Qty,SSCC Wrong Qty,0,1,437,9057,8249,808,490,713,29.28,265188.96,241530.72,23658.24,20876.64,7.41,3.71,0,0
FBA9AYFQUV9Q,MEZG5WZAWNYTK1,FC-C,HDSC_LITE,SKU-0179,Standard,Manual,MP-Scannable-Barcode-on-Outer,SSCC Wrong Item,1,38,331,6620,6064,556,294,556,28.42,188140.4,172338.88,15801.52,15801.52,34.57,17.29,1,0
FBABNQBNXZU1,MEMTX015Z11L6S,FC-A,HDSC,SKU-0109,Standard,Automated (SSCC),Correct,Correct,0,1,454,5964,5964,0,0.7,0,19.05,113614.2,113614.2,0.0,0.0,0.21,0.1,0,0
FBANYY95G5DO,MG8CFEFFH8AOY7,FC-E,HDSC,SKU-0122,Standard,Manual,Correct,Correct,0,1,317,7406,7406,0,0,0,3.71,27476.26,27476.26,0.0,0.0,0.21,0.1,0,0
FBAXLVZ4QKE2,MGJR81BMQF7ZK9,FC-E,HDSC_LITE,SKU-0215,Standard,Automated (SSCC),SSCC-Item-Mismatch,SSCC Wrong Item,1,1,335,7705,6995,710,341,710,28.42,218976.1,198797.9,20178.2,20178.2,2.98,1.49,1,0
FBABLMNTFK7O,MRFQLA09LZRK79,FC-D,HDSC_LITE,SKU-0147,High-compliance,Automated (SSCC),MP-Scannable-Barcode-on-Outer,SSCC Wrong Item,1,27,362,9216,8914,302,452,302,13.84,127549.44,123369.76,4179.68,4179.68,5.0,2.5,0,1
FBADBXVH7KAT,MQYDSHLV76MF4N,FC-A,HDSC_LITE,SKU-0096,Standard,Manual,MP-Scannable-Barcode-on-Outer,SSCC Wrong Item,1,29,182,7307,7015,292,176,292,14.24,104051.68,99893.6,4158.08,4158.08,35.95,17.98,0,1
FBA060O4VFK9,MSM7VNAWJGQU6H,FC-D,HDSC,SKU-0214,High-compliance,Automated (SSCC),Physical-Virtual-Mismatch,SSCC Wrong Item + Qty,1,37,412,5356,5059,297,283,297,18.7,100157.2,94603.3,5553.9,5553.9,35.43,17.71,0,0
FBAKXWEXKG6X,MB1R8VNRPJY93N,FC-D,HDSC_LITE,SKU-0188,High-compliance,Automated (SSCC),MP-Scannable-Barcode-on-Outer,SSCC Wrong Item,1,1,134,2546,2537,9,66,9,8.21,20902.66,20828.77,73.89,73.89,1.42,0.71,0,0
FBA8BKXCGW1V,MGLL42JZNTMFEK,FC-A,HDSC_LITE,SKU-0200,Standard,Manual,MP-Scannable-Barcode-on-Outer,SSCC Wrong Item,1,54,466,10425,9581,844,348,844,32.47,338499.75,311095.07,27404.68,27404.68,10.6,5.3,0,0
FBATT1EQC37R,MLN36V1MZB3I4F,FC-E,HDSC,SKU-0059,Standard,Automated (SSCC),Manufacturer-Barcode-Missing,Missing Barcode,0,1,433,8613,8356,257,214,66,34.4,296287.2,287446.4,8840.8,2270.4,6.99,3.5,0,1
FBAXVQ6BKADE,MVVHYBF0JUM42W,FC-D,HDSC,SKU-0130,High-compliance,Manual,MP-Scannable-Barcode-on-Outer,SSCC Wrong Item,1,14,406,7714,7644,70,50,70,29.23,225480.22,223434.12,2046.1,2046.1,19.66,9.83,0,0
FBASZNVP8GMN,MHIE9EDE1ZUBLE,FC-A,HDSC,SKU-0073,Standard,Automated (SSCC),MP-Scannable-Barcode-on-Outer,SSCC Wrong Item,1,13,471,7065,6450,615,376,615,12.98,91703.7,83721.0,7982.7,7982.7,24.18,12.09,0,0
FBAYG9RDPXDF,MOVD79C9MV9E40,FC-C,HDSC_LITE,SKU-0072,Standard,Manual,Correct,Correct,0,1,480,11040,11040,0,1.5,0,14.4,158976.0,158976.0,0.0,0.0,0.21,0.1,0,0
FBAJRWEDBCY8,MNYFWDC112HXRJ,FC-D,HDSC,SKU-0088,High-compliance,Automated (SSCC),MP-Scannable-Barcode-on-Outer,SSCC Wrong Item,1,59,62,1771,1631,140,2,140,33.48,59293.08,54605.88,4687.2,4687.2,3.78,1.89,0,0
FBAGX25FPLO1,MURTTQUFCJVNY1,FC-B,HDSC,SKU-0073,High-compliance,Automated (SSCC),SSCC-Item-Mismatch,SSCC Wrong Item,1,1,16,590,582,8,1,8,21.89,12915.1,12739.98,175.12,175.12,2.48,1.24,0,0
FBAMXIXV6CKM,MALQ5U6JZV9NOU,FC-B,HDSC,SKU-0207,High-compliance,Automated (SSCC),MP-Scannable-Barcode-on-Outer,SSCC Wrong Item,1,45,210,5856,5753,103,345,103,9.59,56159.04,55171.27,987.77,987.77,25.03,12.52,0,0
FBAW9C4HJKU2,MW8ZUVJUTPMC3S,FC-B,HDSC_LITE,SKU-0077,High-compliance,Automated (SSCC),Correct,Correct,0,1,254,3556,3556,0,0.4,0,11.04,39258.24,39258.24,0.0,0.0,0.21,0.1,0,0
FBASGRX37JW3,M4670CHQI014O4,FC-E,HDSC_LITE,SKU-0234,Standard,Automated (SSCC),Correct,Correct,0,1,360,10287,10287,1.3,0,0,23.67,243493.29,243493.29,0.0,0.0,0.21,0.1,0,0
FBA2LR9P6HJB,M2JTXB02B6LKC8,FC-C,HDSC_LITE,SKU-0230,Standard,Automated (SSCC),MP-Scannable-Barcode-on-Outer,SSCC Wrong Item,1,25,125,1500,1328,172,84,172,31.34,47010.0,41619.52,5390.48,5390.48,14.07,7.04,0,0
FBA387J5IE3L,MVO0IPFG8PJVRN,FC-F,HDSC,SKU-0243,Standard,Manual,Correct,Correct,0,1,340,8552,8552,0.6,0,0,33.83,289314.16,289314.16,0.0,0.0,0.21,0.1,0,0
FBAX6B02B7YJ,MNXZ6YTIPA877K,FC-B,HDSC,SKU-0240,High-compliance,Manual,GTIN-Multi-ASIN-Link,SSCC Wrong Item,1,1,10,5050,4745,305,107,305,30.5,154025.0,144722.5,9302.5,9302.5,2.96,1.48,0,0
FBA07LP7DFJC,MP0TLZ1XGPXAHK,FC-C,HDSC_LITE,SKU-0148,Standard,Automated (SSCC),MP-Scannable-Barcode-on-Outer,SSCC Wrong Item,1,11,241,8056,7942,114,80,114,10.99,88535.44,87282.58,1252.86,1252.86,16.81,8.4,0,0
FBA5EGVLKDNO,MN4UAAUWIDQJ4B,FC-F,HDSC,SKU-0159,Standard,Automated (SSCC),Physical-Virtual-Mismatch,SSCC Wrong Item + Qty,1,41,244,7398,6783,615,133,615,7.78,57556.44,52771.74,4784.7,4784.7,43.89,21.95,0,0
FBAYEZG52KRE,M4V9KYPOFKJW6N,FC-E,HDSC,SKU-0176,Standard,Automated (SSCC),Wrong-Product-Submitted,SSCC Wrong Item + Qty,1,1,423,8883,7944,939,87,939,3.33,29580.39,26453.52,3126.87,3126.87,2.55,1.27,0,0
FBADCLI6978V,M0BJWKON8UUJS7,FC-C,HDSC,SKU-0225,Standard,Automated (SSCC),GTIN-Multi-ASIN-Link,SSCC Wrong Item,1,1,37,4199,4131,68,22,68,13.15,55216.85,54322.65,894.2,894.2,8.6,4.3,0,1
FBAMP6J37SPF,M0R8U7WPGBGQFQ,FC-A,HDSC,SKU-0030,Standard,Automated (SSCC),Correct,Correct,0,1,382,6112,6112,0,2.0,0,17.65,107876.8,107876.8,0.0,0.0,0.21,0.1,1,0
FBA403UXH9A1,MG7IRDLK9EN7DL,FC-A,HDSC_LITE,SKU-0008,Standard,Manual,MP-Scannable-Barcode-on-Outer,SSCC Wrong Item,1,27,92,4655,4183,472,245,472,17.53,81602.15,73327.99,8274.16,8274.16,33.72,16.86,0,1
FBABXLBC8NOG,M85D4F2K1XERP3,FC-F,HDSC,SKU-0080,Standard,Manual,MP-Scannable-Barcode-on-Outer,SSCC Wrong Item,1,17,441,9702,9433,269,367,269,24.3,235758.6,229221.9,6536.7,6536.7,23.24,11.62,0,0
FBA13WPPBMQI,MYFRWSKP6RFE64,FC-D,HDSC_LITE,SKU-0134,High-compliance,Automated (SSCC),SSCC-Wrong-Qty,SSCC Wrong Qty,0,1,46,6932,6629,303,291,24,20.63,143007.16,136756.27,6250.89,495.12,14.49,7.25,0,0
FBACSEXGGOC5,MKVQYWJ85GG0V5,FC-D,HDSC,SKU-0028,High-compliance,Automated (SSCC),Physical-Virtual-Mismatch,SSCC Wrong Item + Qty,1,46,299,4186,3912,274,4,274,3.19,13353.34,12479.28,874.06,874.06,7.23,3.62,0,0
FBAKEAEA84HX,MXPW2GKQRAFFZ8,FC-F,HDSC,SKU-0121,Standard,Automated (SSCC),MP-Scannable-Barcode-on-Outer,SSCC Wrong Item,1,47,411,6472,6011,461,299,461,10.76,69638.72,64678.36,4960.36,4960.36,16.0,8.0,0,0
